epoch,global_step,train_loss,val_loss,generalization_gap,val_loss_delta,best_val_loss_so_far,best_epoch_so_far
1,551,4.717065286636353,4.751914143562317,0.03484885692596418,,4.751914143562317,1
2,1102,4.369102835655212,4.4322158098220825,0.06311297416687012,-0.3196983337402344,4.4322158098220825,2
3,1653,4.203491115570069,4.308560585975647,0.1050694704055779,-0.1236552238464359,4.308560585975647,3
4,2204,4.137542355060577,4.241392278671265,0.10384992361068779,-0.06716830730438161,4.241392278671265,4
5,2755,4.083846294879914,4.189781570434571,0.10593527555465698,-0.051610708236694336,4.189781570434571,5
6,3306,3.941932713985443,4.131425678730011,0.18949296474456778,-0.05835589170455968,4.131425678730011,6
7,3857,3.8980716943740843,4.073814213275909,0.17574251890182513,-0.05761146545410156,4.073814213275909,7
8,4408,3.8031866788864135,4.006804668903351,0.2036179900169377,-0.06700954437255824,4.006804668903351,8
9,4959,3.7004695534706116,3.959343504905701,0.2588739514350893,-0.047461163997650324,3.959343504905701,9
10,5510,3.6388383507728577,3.916865921020508,0.27802757024765024,-0.04247758388519296,3.916865921020508,10
11,6061,3.648481619358063,3.8845288515090943,0.2360472321510314,-0.032337069511413574,3.8845288515090943,11
12,6612,3.5755006432533265,3.850880193710327,0.27537955045700047,-0.033648657798767356,3.850880193710327,12
13,7163,3.5186250686645506,3.8283225417137148,0.3096974730491642,-0.022557651996612194,3.8283225417137148,13
14,7714,3.5058051228523253,3.8021827578544616,0.2963776350021363,-0.026139783859253196,3.8021827578544616,14
15,8265,3.46352881193161,3.7842517375946043,0.3207229256629942,-0.017931020259857267,3.7842517375946043,15
16,8816,3.3935211658477784,3.767808961868286,0.37428779602050755,-0.01644277572631836,3.767808961868286,16
17,9367,3.3806089401245116,3.7565986037254335,0.3759896636009219,-0.011210358142852428,3.7565986037254335,17
18,9918,3.3591721653938293,3.7439788222312926,0.3848066568374633,-0.012619781494140891,3.7439788222312926,18
19,10469,3.328894245624542,3.732344222068787,0.40344997644424474,-0.011634600162505837,3.732344222068787,19
20,11020,3.295766544342041,3.724412727355957,0.42864618301391566,-0.007931494712829945,3.724412727355957,20
21,11571,3.2617049336433412,3.7140810608863832,0.452376127243042,-0.01033166646957362,3.7140810608863832,21
22,12122,3.2380430817604067,3.7091734409332275,0.47113035917282087,-0.004907619953155695,3.7091734409332275,22
23,12673,3.2257421255111693,3.7002596259117126,0.4745175004005433,-0.008913815021514893,3.7002596259117126,23
24,13224,3.1784258127212524,3.695170450210571,0.5167446374893188,-0.005089175701141535,3.695170450210571,24
25,13775,3.1794658303260803,3.691246843338013,0.5117810130119325,-0.003923606872558327,3.691246843338013,25
26,14326,3.154632091522217,3.6843427062034606,0.5297106146812438,-0.00690413713455218,3.6843427062034606,26
27,14877,3.1006123185157777,3.6785096645355226,0.577897346019745,-0.005833041667937966,3.6785096645355226,27
28,15428,3.129566526412964,3.6745704650878905,0.5450039386749266,-0.003939199447632102,3.6745704650878905,28
29,15979,3.0812705397605895,3.6777622938156127,0.5964917540550232,0.003191828727722168,3.6745704650878905,28
30,16530,3.069340908527374,3.671698307991028,0.6023573994636537,-0.006063985824584783,3.671698307991028,30
31,17081,3.0847320556640625,3.6737873554229736,0.5890552997589111,0.002089047431945712,3.671698307991028,30
32,17632,3.0430784940719606,3.6685229778289794,0.6254444837570188,-0.0052643775939942294,3.6685229778289794,32
33,18183,3.072944164276123,3.6670167565345766,0.5940725922584535,-0.0015062212944028097,3.6670167565345766,33
34,18734,3.0484909653663634,3.663078582286835,0.6145876169204714,-0.003938174247741788,3.663078582286835,34
35,19285,3.0000360012054443,3.663299322128296,0.6632633209228516,0.00022073984146109282,3.663078582286835,34
36,19836,3.00990434885025,3.6607515931129457,0.6508472442626956,-0.002547729015350164,3.6607515931129457,36
37,20387,2.9948638319969176,3.660964250564575,0.6661004185676576,0.00021265745162946104,3.6607515931129457,36
38,20938,2.995372307300568,3.6617919206619263,0.6664196133613585,0.0008276700973510742,3.6607515931129457,36
39,21489,2.972538483142853,3.662592315673828,0.6900538325309751,0.0008003950119017667,3.6607515931129457,36
40,22040,2.9480018258094787,3.6576247930526735,0.7096229672431948,-0.004967522621154519,3.6576247930526735,40
41,22591,2.9772589683532713,3.661343824863434,0.6840848565101627,0.003719031810760498,3.6576247930526735,40
42,23142,2.9328521966934202,3.6553247690200807,0.7224725723266605,-0.0060190558433532715,3.6553247690200807,42
43,23693,2.9363517642021177,3.6538806676864626,0.7175289034843448,-0.001444101333618164,3.6538806676864626,43
44,24244,2.9108906507492067,3.657136380672455,0.7462457299232481,0.003255712985992254,3.6538806676864626,43
45,24795,2.897056829929352,3.653377282619476,0.7563204526901242,-0.0037590980529786933,3.653377282619476,45
46,25346,2.9101448178291323,3.651548171043396,0.7414033532142636,-0.0018291115760802334,3.651548171043396,46
47,25897,2.90710529088974,3.657449448108673,0.7503441572189331,0.0059012770652771,3.651548171043396,46
48,26448,2.8743513584136964,3.6501805901527407,0.7758292317390443,-0.007268857955932351,3.6501805901527407,48
49,26999,2.8485354661941527,3.653362536430359,0.8048270702362061,0.0031819462776181417,3.6501805901527407,48
50,27550,2.8389205932617188,3.6531660079956056,0.8142454147338869,-0.00019652843475315152,3.6501805901527407,48
51,28101,2.8540877223014833,3.6549872875213625,0.8008995652198792,0.001821279525756836,3.6501805901527407,48
52,28652,2.836517035961151,3.6557450175285338,0.8192279815673826,0.0007577300071712756,3.6501805901527407,48
53,29203,2.8548125624656677,3.6515195608139037,0.796706998348236,-0.004225456714630038,3.6501805901527407,48
54,29754,2.8252747654914856,3.6581178665161134,0.8328431010246278,0.00659830570220965,3.6501805901527407,48
55,30305,2.8274761915206907,3.653952169418335,0.826475977897644,-0.004165697097778587,3.6501805901527407,48
56,30856,2.8016809582710267,3.6518717646598815,0.8501908063888548,-0.0020804047584532803,3.6501805901527407,48
57,31407,2.806610441207886,3.6521576404571534,0.8455471992492676,0.00028587579727190615,3.6501805901527407,48
58,31958,2.7805699706077576,3.6509265899658203,0.8703566193580627,-0.0012310504913330966,3.6501805901527407,48
59,32509,2.7904483675956726,3.656431770324707,0.8659834027290345,0.005505180358886808,3.6501805901527407,48
60,33060,2.78145318031311,3.669097602367401,0.887644422054291,0.012665832042694003,3.6501805901527407,48
61,33611,2.7746179342269897,3.6565184354782105,0.8819005012512209,-0.012579166889190585,3.6501805901527407,48
62,34162,2.7439706921577454,3.658966362476349,0.9149956703186035,0.002447926998138339,3.6501805901527407,48
63,34713,2.772447633743286,3.6549904465675356,0.8825428128242496,-0.003975915908813299,3.6501805901527407,48
64,35264,2.746463859081268,3.6480278968811035,0.9015640377998353,-0.006962549686432062,3.6480278968811035,64
65,35815,2.7540459871292113,3.6628895878791807,0.9088436007499694,0.014861690998077215,3.6480278968811035,64
66,36366,2.7404059171676636,3.6596702694892884,0.9192643523216248,-0.0032193183898923117,3.6480278968811035,64
67,36917,2.720021200180054,3.661596214771271,0.941575014591217,0.0019259452819824219,3.6480278968811035,64
68,37468,2.7249414324760437,3.659558892250061,0.9346174597740173,-0.0020373225212098056,3.6480278968811035,64
69,38019,2.713357186317444,3.6505827069282533,0.9372255206108093,-0.008976185321807773,3.6480278968811035,64
70,38570,2.712418031692505,3.6592123746871947,0.9467943429946897,0.008629667758941473,3.6480278968811035,64
71,39121,2.7198094964027404,3.6606760144233705,0.9408665180206301,0.0014636397361758036,3.6480278968811035,64
72,39672,2.7263685941696165,3.660722088813782,0.9343534946441654,4.607439041137695e-05,3.6480278968811035,64
73,40223,2.718309235572815,3.66120502948761,0.9428957939147948,0.0004829406738280362,3.6480278968811035,64
74,40774,2.685140073299408,3.6636129021644592,0.9784728288650513,0.0024078726768492764,3.6480278968811035,64
75,41325,2.683535706996918,3.662469804286957,0.9789340972900389,-0.0011430978775024414,3.6480278968811035,64
76,41876,2.694046711921692,3.6679439902305604,0.9738972783088684,0.0054741859436036044,3.6480278968811035,64
77,42427,2.6652040123939513,3.661125433444977,0.9959214210510257,-0.006818556785583407,3.6480278968811035,64
78,42978,2.6726802945137025,3.65764240026474,0.9849621057510376,-0.0034830331802369052,3.6480278968811035,64
79,43529,2.6708166718482973,3.661609148979187,0.9907924771308898,0.0039667487144470215,3.6480278968811035,64
80,44080,2.6748164772987364,3.65879408121109,0.9839776039123538,-0.002815067768096924,3.6480278968811035,64
81,44631,2.6572542071342466,3.6700921773910524,1.0128379702568058,0.011298096179962247,3.6480278968811035,64
82,45182,2.663365912437439,3.6619483709335325,0.9985824584960934,-0.008143806457519887,3.6480278968811035,64
83,45733,2.6760503172874452,3.6732542753219604,0.9972039580345151,0.011305904388427823,3.6480278968811035,64
84,46284,2.6598845720291138,3.6689401268959045,1.0090555548667908,-0.004314148426055819,3.6480278968811035,64
85,46835,2.6085137724876404,3.6622282028198243,1.053714430332184,-0.0067119240760802334,3.6480278968811035,64
86,47386,2.6263209700584413,3.6675525665283204,1.041231596469879,0.005324363708496094,3.6480278968811035,64
87,47937,2.6399625301361085,3.6697772979736327,1.0298147678375242,0.0022247314453123224,3.6480278968811035,64
88,48488,2.643005168437958,3.6631433367729187,1.0201381683349608,-0.0066339612007140225,3.6480278968811035,64
89,49039,2.630905842781067,3.6656283020973204,1.0347224593162534,0.002484965324401678,3.6480278968811035,64
90,49590,2.632047414779663,3.666903793811798,1.034856379032135,0.0012754917144777167,3.6480278968811035,64
91,50141,2.622531461715698,3.6645948767662047,1.0420634150505066,-0.0023089170455934394,3.6480278968811035,64
92,50692,2.6248523473739622,3.6644863367080687,1.0396339893341064,-0.00010854005813598633,3.6480278968811035,64
93,51243,2.6303216099739073,3.6728888034820555,1.0425671935081482,0.008402466773986816,3.6480278968811035,64
94,51794,2.6430401682853697,3.6726213097572327,1.029581141471863,-0.0002674937248228204,3.6480278968811035,64
95,52345,2.6256175518035887,3.672087585926056,1.0464700341224673,-0.000533723831176669,3.6480278968811035,64
